"word","poc","text_id"
"hath","noun, singular or mass","ADDISON_008.txt"
"hath","verb, 3rd sing","BANKS_026.txt"
"hath","verb, 3rd sing","BANKS_050.txt"
"hath","noun, singular or mass","BANKS_054.txt"
"hath","verb, 3rd sing","BANKS_056.txt"
"hath","noun, singular or mass","BANKS_056.txt"
"hath","noun, singular or mass","BANKS_057.txt"
"hath","noun, singular or mass","BANKS_058.txt"
"hath","noun, singular or mass","BANKS_058.txt"
"hath","verb, 3rd sing","BANKS_058.txt"
"hath","noun, singular or mass","BLOMEFI_002.txt"
"hath","verb, 3rd sing","BLOMEFI_005.txt"
"hath","verb, 3rd sing","BLOMEFI_008.txt"
"hath","verb, 3rd sing","BLOMEFI_008.txt"
"hath","verb, 3rd sing","BLOMEFI_009.txt"
"hath","noun, singular or mass","BLOMEFI_009.txt"
"hath","noun, singular or mass","BLOMEFI_009.txt"
"hath","verb, 3rd sing","BLOMEFI_009.txt"
"hath","verb, 3rd sing","BLOMEFI_012.txt"
"hath","verb, 3rd sing","BLOMEFI_013.txt"
"hath","verb, 3rd sing","BLOMEFI_016.txt"
"hath","preposition or subordinating conjunction","BLOMEFI_020.txt"
"hath","verb, 3rd sing","BLOMEFI_020.txt"
"hath","noun, singular or mass","BLOMEFI_020.txt"
"hath","verb, 3rd sing","BLOMEFI_020.txt"
"hath","verb, 3rd sing","BLOMEFI_021.txt"
"hath","verb, 3rd sing","BLOMEFI_030.txt"
"hath","verb, 3rd sing","BLOMEFI_032.txt"
"hath","noun, singular or mass","BLOMEFI_032.txt"
"hath","verb, 3rd sing","BLOMEFI_034.txt"
"hath","noun, singular or mass","BLOMEFI_038.txt"
"hath","verb, 3rd sing","BLOMEFI_038.txt"
"hath","noun, singular or mass","BLOMEFI_040.txt"
"hath","noun, singular or mass","BLOMEFI_040.txt"
"hath","verb, 3rd sing","BOLTON_001.txt"
"hath","noun, singular or mass","BOLTON_002.txt"
"hath","noun, singular or mass","BOLTON_003.txt"
"hath","noun, singular or mass","BOLTON_004.txt"
"hath","noun, singular or mass","BOLTON_006.txt"
"hath","verb, 3rd sing","BOLTON_007.txt"
"hath","noun, singular or mass","BOLTON_009.txt"
"hath","noun, singular or mass","BOLTON_010.txt"
"hath","verb, 3rd sing","BOLTON_011.txt"
"hath","noun, singular or mass","BOLTON_012.txt"
"hath","noun, singular or mass","BOLTON_014.txt"
"hath","verb, 3rd sing","BOLTON_016.txt"
"hath","verb, 3rd sing","BOLTON_022.txt"
"hath","verb, 3rd sing","BOLTON_022.txt"
"hath","noun, singular or mass","BOLTON_022.txt"
"hath","verb, 3rd sing","BOLTON_024.txt"
"hath","verb, 3rd sing","BOLTON_024.txt"
"hath","noun, singular or mass","BOLTON_025.txt"
"hath","noun, singular or mass","BOWREY_004.txt"
"hath","verb, 3rd sing","BOWREY_005.txt"
"hath","noun, singular or mass","BOWREY_005.txt"
"hath","noun, singular or mass","BOWREY_005.txt"
"hath","verb, 3rd sing","BOWREY_006.txt"
"hath","verb, 3rd sing","BOWREY_006.txt"
"hath","verb, 3rd sing","BOWREY_006.txt"
"hath","verb, 3rd sing","BOWREY_006.txt"
"hath","verb, 3rd sing","BOWREY_007.txt"
"hath","verb, non-3rd sing","BOWREY_020.txt"
"hath","noun, singular or mass","BOWREY_020.txt"
"hath","noun, singular or mass","BOWREY_022.txt"
"hath","verb, non-3rd sing","BOWREY_022.txt"
"hath","verb, 3rd sing","BOWREY_022.txt"
"hath","verb, 3rd sing","BOWREY_022.txt"
"hath","verb, 3rd sing","BOWREY_022.txt"
"hath","verb, 3rd sing","BOWREY_022.txt"
"hath","proper noun, singular","BOWREY_022.txt"
"hath","verb, 3rd sing","BOWREY_022.txt"
"hath","verb, 3rd sing","BOWREY_025.txt"
"hath","verb, 3rd sing","BOWREY_027.txt"
"hath","verb, 3rd sing","BOWREY_027.txt"
"hath","verb, 3rd sing","BOWREY_027.txt"
"hath","noun, singular or mass","BOWREY_027.txt"
"hath","verb, 3rd sing","BOWREY_030.txt"
"hath","verb, non-3rd sing","BOWREY_030.txt"
"hath","verb, 3rd sing","BOWREY_030.txt"
"hath","noun, singular or mass","BOWREY_030.txt"
"hath","noun, singular or mass","BOWREY_030.txt"
"hath","verb, 3rd sing","BOWREY_030.txt"
"hath","noun, singular or mass","BOWREY_030.txt"
"hath","verb, 3rd sing","BOWREY_031.txt"
"hath","verb, 3rd sing","BOWREY_031.txt"
"hath","noun, singular or mass","BOWREY_032.txt"
"hath","noun, singular or mass","BOWREY_036.txt"
"hath","noun, singular or mass","BOWREY_036.txt"
"hath","verb, non-3rd sing","BOWREY_036.txt"
"hath","noun, singular or mass","BOWREY_036.txt"
"hath","verb, 3rd sing","BROWNE_028.txt"
"hath","verb, 3rd sing","BROWNE_028.txt"
"hath","noun, singular or mass","BROWNE_028.txt"
"hath","verb, 3rd sing","BROWNE_028.txt"
"hath","verb, 3rd sing","BROWNE_033.txt"
"hath","verb, 3rd sing","BROWNE_033.txt"
"hath","verb, 3rd sing","BROWNE_037.txt"
"hath","noun, singular or mass","BROWNE_039.txt"
"hath","noun, singular or mass","BROWNE_041.txt"
"hath","preposition or subordinating conjunction","BROWNE_042.txt"
"hath","verb, 3rd sing","BROWNE_042.txt"
"hath","noun, singular or mass","BROWNE_042.txt"
"hath","verb, 3rd sing","BROWNE_042.txt"
"hath","verb, 3rd sing","BROWNE_042.txt"
"hath","verb, 3rd sing","BROWNE_042.txt"
"hath","verb, 3rd sing","BROWNE_042.txt"
"hath","verb, 3rd sing","BROWNE_042.txt"
"hath","verb, non-3rd sing","CLAVERI_144.txt"
"hath","verb, 3rd sing","CLAVERI_145.txt"
"hath","noun, singular or mass","CLAVERI_146.txt"
"hath","verb, 3rd sing","CLAVERI_146.txt"
"hath","noun, singular or mass","CLAVERI_148.txt"
"hath","verb, 3rd sing","CLAVERI_160.txt"
"hath","verb, 3rd sing","CLAVERI_160.txt"
"hath","noun, singular or mass","CLAVERI_163.txt"
"hath","noun, singular or mass","CLAVERI_165.txt"
"hath","noun, singular or mass","CLAVERI_165.txt"
"hath","noun, singular or mass","CLAVERI_166.txt"
"hath","noun, singular or mass","CLAVERI_166.txt"
"hath","noun, singular or mass","CLAVERI_166.txt"
"hath","noun, singular or mass","CLAVERI_167.txt"
"hath","verb, 3rd sing","CLAVERI_168.txt"
"hath","noun, singular or mass","CLAVERI_169.txt"
"hath","verb, 3rd sing","CLAVERI_171.txt"
"hath","noun, singular or mass","CLAVERI_172.txt"
"hath","noun, singular or mass","CLAVERI_187.txt"
"hath","verb, 3rd sing","CLIFT_021.txt"
"hath","noun, singular or mass","CLIFT_021.txt"
"hath","noun, singular or mass","CLIFT_021.txt"
"hath","verb, 3rd sing","CLIFT_021.txt"
"hath","noun, singular or mass","CLIFT_021.txt"
"hath","verb, 3rd sing","CLIFT_021.txt"
"hath","noun, singular or mass","CLIFT_024.txt"
"hath","verb, 3rd sing","CLIFT_024.txt"
"hath","verb, 3rd sing","CLIFT_024.txt"
"hath","noun, singular or mass","CLIFT_024.txt"
"hath","noun, singular or mass","CLIFT_024.txt"
"hath","verb, 3rd sing","CLIFT_024.txt"
"hath","verb, 3rd sing","CLIFT_026.txt"
"hath","verb, 3rd sing","CLIFT_031.txt"
"hath","verb, 3rd sing","CLIFT_031.txt"
"hath","verb, non-3rd sing","CLIFT_033.txt"
"hath","verb, 3rd sing","CLIFT_033.txt"
"hath","verb, 3rd sing","CLIFT_033.txt"
"hath","verb, 3rd sing","CLIFT_033.txt"
"hath","noun, singular or mass","CLIFT_033.txt"
"hath","verb, 3rd sing","CLIFT_033.txt"
"hath","verb, 3rd sing","CLIFT_035.txt"
"hath","verb, 3rd sing","CLIFT_036.txt"
"hath","verb, 3rd sing","CLIFT_036.txt"
"hath","noun, singular or mass","CLIFT_048.txt"
"hath","verb, 3rd sing","CLIFT_048.txt"
"hath","verb, 3rd sing","CLIFT_048.txt"
"hath","noun, singular or mass","CLIFT_050.txt"
"hath","verb, 3rd sing","CLIFT_050.txt"
"hath","verb, 3rd sing","CLIFT_050.txt"
"hath","verb, 3rd sing","CLIFT_050.txt"
"hath","verb, 3rd sing","CLIFT_050.txt"
"hath","noun, singular or mass","CLIFT_053.txt"
"hath","noun, singular or mass","CLIFT_053.txt"
"hath","verb, 3rd sing","CLIFT_055.txt"
"hath","verb, non-3rd sing","CLIFT_055.txt"
"hath","noun, singular or mass","CLIFT_055.txt"
"hath","verb, 3rd sing","CLIFT_057.txt"
"hath","noun, singular or mass","CLIFT_057.txt"
"hath","noun, singular or mass","CLIFT_058.txt"
"hath","verb, 3rd sing","CLIFT_060.txt"
"hath","noun, singular or mass","COWPERW_015.txt"
"hath","preposition or subordinating conjunction","COWPERW_048.txt"
"hath","noun, singular or mass","COWPERW_091.txt"
"hath","verb, 3rd sing","DODSLEY_010.txt"
"hath","noun, singular or mass","DODSLEY_052.txt"
"hath","noun, singular or mass","DODSLEY_055.txt"
"hath","verb, 3rd sing","DODSLEY_058.txt"
"hath","noun, singular or mass","DODSLEY_058.txt"
"hath","verb, 3rd sing","DODSLEY_062.txt"
"hath","noun, singular or mass","FLEMIN2_002.txt"
"hath","noun, singular or mass","FLEMIN2_014.txt"
"hath","verb, 3rd sing","FLEMIN2_066.txt"
"hath","verb, 3rd sing","FLEMIN2_066.txt"
"hath","noun, singular or mass","FLEMIN2_071.txt"
"hath","verb, 3rd sing","FLEMIN2_075.txt"
"hath","verb, 3rd sing","FLEMIN2_083.txt"
"hath","noun, singular or mass","FLEMIN2_083.txt"
"hath","verb, 3rd sing","FLEMIN2_084.txt"
"hath","verb, 3rd sing","FLEMIN2_085.txt"
"hath","verb, 3rd sing","FLEMIN2_087.txt"
"hath","noun, singular or mass","FLEMIN2_087.txt"
"hath","noun, singular or mass","FLEMIN2_087.txt"
"hath","verb, 3rd sing","FLEMIN2_087.txt"
"hath","noun, singular or mass","FLEMIN2_089.txt"
"hath","verb, 3rd sing","FLEMIN2_089.txt"
"hath","verb, 3rd sing","FLEMIN2_090.txt"
"hath","preposition or subordinating conjunction","FLEMIN2_091.txt"
"hath","verb, 3rd sing","FLEMIN2_091.txt"
"hath","verb, 3rd sing","FLEMIN2_097.txt"
"hath","verb, 3rd sing","FLEMIN2_101.txt"
"hath","verb, 3rd sing","FLEMIN2_103.txt"
"hath","verb, 3rd sing","FLEMIN2_104.txt"
"hath","noun, singular or mass","FLEMIN2_109.txt"
"hath","verb, 3rd sing","FLEMIN2_109.txt"
"hath","noun, singular or mass","FLEMIN2_110.txt"
"hath","noun, singular or mass","FLEMIN2_113.txt"
"hath","verb, 3rd sing","FLEMIN2_115.txt"
"hath","verb, 3rd sing","FLEMIN2_119.txt"
"hath","noun, singular or mass","FLEMIN2_119.txt"
"hath","noun, singular or mass","FLEMIN2_119.txt"
"hath","noun, singular or mass","FLEMIN2_120.txt"
"hath","verb, 3rd sing","FLEMIN2_122.txt"
"hath","noun, singular or mass","FLEMIN2_123.txt"
"hath","preposition or subordinating conjunction","FLEMIN2_129.txt"
"hath","verb, 3rd sing","FLEMIN2_129.txt"
"hath","noun, singular or mass","FLEMIN2_130.txt"
"hath","verb, 3rd sing","FLEMIN2_130.txt"
"hath","verb, 3rd sing","FLEMIN2_130.txt"
"hath","verb, 3rd sing","FLEMIN2_136.txt"
"hath","noun, singular or mass","FLEMIN2_140.txt"
"hath","noun, singular or mass","FLEMIN2_142.txt"
"hath","noun, singular or mass","FLEMIN2_143.txt"
"hath","verb, 3rd sing","FLEMIN2_145.txt"
"hath","noun, singular or mass","FLEMIN2_145.txt"
"hath","noun, singular or mass","FLEMIN2_147.txt"
"hath","verb, 3rd sing","FLEMIN2_147.txt"
"hath","preposition or subordinating conjunction","FLEMIN2_147.txt"
"hath","verb, 3rd sing","FLEMIN2_148.txt"
"hath","verb, 3rd sing","FLEMIN2_149.txt"
"hath","verb, 3rd sing","FLEMIN2_149.txt"
"hath","noun, singular or mass","FLEMIN2_149.txt"
"hath","verb, 3rd sing","FLEMIN2_150.txt"
"hath","verb, 3rd sing","FLEMIN2_155.txt"
"hath","verb, 3rd sing","FLEMIN2_156.txt"
"hath","noun, singular or mass","FLEMIN2_160.txt"
"hath","noun, singular or mass","FLEMIN2_160.txt"
"hath","noun, singular or mass","FLEMIN2_165.txt"
"hath","verb, 3rd sing","FLEMIN2_166.txt"
"hath","verb, 3rd sing","FLEMIN2_168.txt"
"hath","noun, singular or mass","FLEMIN2_169.txt"
"hath","noun, singular or mass","FLEMIN2_170.txt"
"hath","verb, 3rd sing","FLEMIN2_174.txt"
"hath","verb, 3rd sing","FLEMIN2_174.txt"
"hath","verb, 3rd sing","FLEMIN2_174.txt"
"hath","verb, 3rd sing","FLEMIN2_176.txt"
"hath","verb, 3rd sing","FLEMIN2_179.txt"
"hath","noun, singular or mass","FLEMIN2_186.txt"
"hath","noun, singular or mass","FLEMIN2_187.txt"
"hath","noun, singular or mass","FLEMIN2_192.txt"
"hath","noun, singular or mass","FLEMIN2_197.txt"
"hath","verb, 3rd sing","FLEMIN2_205.txt"
"hath","verb, 3rd sing","FLEMIN2_207.txt"
"hath","verb, 3rd sing","FLEMIN2_207.txt"
"hath","verb, non-3rd sing","FLEMIN2_207.txt"
"hath","noun, singular or mass","FLEMIN2_212.txt"
"hath","noun, singular or mass","FLEMIN2_213.txt"
"hath","verb, 3rd sing","FLEMIN2_215.txt"
"hath","verb, 3rd sing","FLEMIN2_215.txt"
"hath","noun, singular or mass","FLEMIN2_215.txt"
"hath","verb, non-3rd sing","FLEMIN2_215.txt"
"hath","verb, 3rd sing","FLEMIN2_218.txt"
"hath","verb, 3rd sing","FLEMIN2_220.txt"
"hath","noun, singular or mass","FLEMIN2_221.txt"
"hath","verb, 3rd sing","FLEMIN2_222.txt"
"hath","verb, 3rd sing","FLEMIN2_222.txt"
"hath","verb, non-3rd sing","FLEMIN2_222.txt"
"hath","verb, 3rd sing","FLEMIN2_223.txt"
"hath","verb, non-3rd sing","FLEMIN2_223.txt"
"hath","verb, 3rd sing","FLEMIN2_223.txt"
"hath","verb, 3rd sing","FLEMIN2_226.txt"
"hath","verb, 3rd sing","FLEMIN2_226.txt"
"hath","noun, singular or mass","FLEMIN2_227.txt"
"hath","verb, 3rd sing","FLEMIN2_229.txt"
"hath","verb, 3rd sing","FLEMIN2_231.txt"
"hath","verb, 3rd sing","FLEMIN2_236.txt"
"hath","noun, singular or mass","FLEMIN2_238.txt"
"hath","verb, 3rd sing","FLEMING_126.txt"
"hath","noun, singular or mass","FLEMINX_002.txt"
"hath","preposition or subordinating conjunction","FLEMINX_005.txt"
"hath","noun, singular or mass","FLEMINX_007.txt"
"hath","noun, singular or mass","FLEMINX_007.txt"
"hath","verb, 3rd sing","FLEMINX_007.txt"
"hath","noun, singular or mass","FLEMINX_009.txt"
"hath","verb, 3rd sing","FLEMINX_009.txt"
"hath","preposition or subordinating conjunction","FLEMINX_011.txt"
"hath","verb, 3rd sing","FLEMINX_012.txt"
"hath","verb, 3rd sing","FLEMINX_012.txt"
"hath","verb, 3rd sing","FLEMINX_013.txt"
"hath","verb, 3rd sing","FLEMINX_013.txt"
"hath","verb, 3rd sing","FLEMINX_013.txt"
"hath","verb, 3rd sing","FLEMINX_013.txt"
"hath","verb, 3rd sing","FLEMINX_016.txt"
"hath","verb, 3rd sing","FLEMINX_016.txt"
"hath","noun, singular or mass","FLEMINX_021.txt"
"hath","verb, 3rd sing","FLEMINX_021.txt"
"hath","verb, 3rd sing","FLEMINX_021.txt"
"hath","noun, singular or mass","FLEMINX_022.txt"
"hath","verb, 3rd sing","FLEMINX_023.txt"
"hath","verb, 3rd sing","FLEMINX_023.txt"
"hath","verb, 3rd sing","FLEMINX_026.txt"
"hath","verb, 3rd sing","FLEMINX_026.txt"
"hath","preposition or subordinating conjunction","FLEMINX_027.txt"
"hath","verb, 3rd sing","FLEMINX_028.txt"
"hath","verb, 3rd sing","FLEMINX_028.txt"
"hath","verb, 3rd sing","FLEMINX_028.txt"
"hath","verb, 3rd sing","FLEMINX_033.txt"
"hath","noun, singular or mass","FLEMINX_033.txt"
"hath","verb, 3rd sing","FLEMINX_033.txt"
"hath","verb, 3rd sing","FLEMINX_033.txt"
"hath","verb, 3rd sing","FLEMINX_034.txt"
"hath","verb, 3rd sing","FLEMINX_034.txt"
"hath","noun, singular or mass","FLEMINX_035.txt"
"hath","noun, singular or mass","FLEMINX_035.txt"
"hath","noun, singular or mass","FLEMINX_036.txt"
"hath","verb, 3rd sing","FLEMINX_036.txt"
"hath","verb, non-3rd sing","FLEMINX_036.txt"
"hath","noun, singular or mass","FLEMINX_036.txt"
"hath","verb, 3rd sing","FLEMINX_036.txt"
"hath","noun, singular or mass","FLEMINX_038.txt"
"hath","noun, singular or mass","FLEMINX_041.txt"
"hath","verb, 3rd sing","FLEMINX_042.txt"
"hath","verb, 3rd sing","FLEMINX_045.txt"
"hath","verb, 3rd sing","FLEMINX_045.txt"
"hath","noun, singular or mass","FLEMINX_046.txt"
"hath","noun, singular or mass","FLEMINX_049.txt"
"hath","noun, singular or mass","FLEMINX_051.txt"
"hath","verb, 3rd sing","FLEMINX_052.txt"
"hath","noun, singular or mass","FOUNDLI_001.txt"
"hath","noun, singular or mass","FOUNDLI_001.txt"
"hath","noun, singular or mass","FOUNDLI_029.txt"
"hath","noun, singular or mass","FOUNDLI_029.txt"
"hath","noun, singular or mass","FOUNDLI_029.txt"
"hath","noun, singular or mass","FOUNDLI_033.txt"
"hath","verb, non-3rd sing","FOUNDLI_036.txt"
"hath","verb, non-3rd sing","FOUNDLI_036.txt"
"hath","verb, non-3rd sing","FOUNDLI_037.txt"
"hath","verb, 3rd sing","FOUNDLI_037.txt"
"hath","verb, 3rd sing","FOUNDLI_037.txt"
"hath","verb, 3rd sing","FOUNDLI_053.txt"
"hath","verb, 3rd sing","FOUNDLI_054.txt"
"hath","noun, singular or mass","FOUNDLI_055.txt"
"hath","preposition or subordinating conjunction","FOUNDLI_056.txt"
"hath","verb, 3rd sing","FOUNDLI_056.txt"
"hath","noun, singular or mass","FOUNDLI_064.txt"
"hath","noun, singular or mass","FOUNDLI_064.txt"
"hath","verb, non-3rd sing","FOUNDLI_064.txt"
"hath","verb, non-3rd sing","FOUNDLI_064.txt"
"hath","noun, singular or mass","FOUNDLI_072.txt"
"hath","noun, singular or mass","FOUNDLI_072.txt"
"hath","verb, 3rd sing","FOUNDLI_073.txt"
"hath","verb, 3rd sing","FOUNDLI_073.txt"
"hath","verb, 3rd sing","FOUNDLI_101.txt"
"hath","noun, singular or mass","FOUNDLI_101.txt"
"hath","verb, non-3rd sing","FOUNDLI_112.txt"
"hath","noun, singular or mass","FOUNDLI_112.txt"
"hath","noun, singular or mass","FOUNDLI_112.txt"
"hath","noun, singular or mass","FOUNDLI_112.txt"
"hath","noun, singular or mass","FOUNDLI_112.txt"
"hath","verb, non-3rd sing","FOUNDLI_115.txt"
"hath","verb, non-3rd sing","FOUNDLI_115.txt"
"hath","verb, 3rd sing","FOUNDLI_129.txt"
"hath","verb, 3rd sing","GAY_001.txt"
"hath","verb, 3rd sing","GAY_001.txt"
"hath","verb, 3rd sing","GAY_002.txt"
"hath","noun, singular or mass","GAY_003.txt"
"hath","noun, singular or mass","GAY_005.txt"
"hath","noun, singular or mass","GAY_005.txt"
"hath","noun, singular or mass","GAY_006.txt"
"hath","noun, singular or mass","GAY_006.txt"
"hath","noun, singular or mass","GAY_007.txt"
"hath","verb, 3rd sing","GAY_012.txt"
"hath","verb, 3rd sing","GAY_014.txt"
"hath","verb, 3rd sing","GAY_014.txt"
"hath","verb, 3rd sing","GAY_014.txt"
"hath","noun, singular or mass","GAY_014.txt"
"hath","noun, singular or mass","GAY_015.txt"
"hath","verb, 3rd sing","GAY_017.txt"
"hath","noun, singular or mass","GAY_017.txt"
"hath","verb, 3rd sing","GAY_017.txt"
"hath","verb, 3rd sing","GAY_017.txt"
"hath","verb, 3rd sing","GAY_017.txt"
"hath","verb, 3rd sing","GAY_017.txt"
"hath","verb, 3rd sing","GAY_017.txt"
"hath","verb, 3rd sing","GAY_017.txt"
"hath","verb, 3rd sing","GAY_017.txt"
"hath","verb, 3rd sing","GAY_018.txt"
"hath","verb, 3rd sing","GAY_018.txt"
"hath","noun, singular or mass","GAY_018.txt"
"hath","noun, singular or mass","GAY_018.txt"
"hath","verb, 3rd sing","GAY_018.txt"
"hath","verb, non-3rd sing","GAY_019.txt"
"hath","verb, 3rd sing","HADDOC2_001.txt"
"hath","noun, singular or mass","HADDOC2_001.txt"
"hath","noun, singular or mass","HADDOC2_004.txt"
"hath","noun, singular or mass","HADDOC2_004.txt"
"hath","verb, 3rd sing","HADDOC2_004.txt"
"hath","noun, singular or mass","HADDOC2_004.txt"
"hath","noun, singular or mass","HADDOC2_009.txt"
"hath","noun, singular or mass","HATTON2_005.txt"
"hath","noun, singular or mass","HATTON2_005.txt"
"hath","noun, singular or mass","HATTON2_005.txt"
"hath","verb, 3rd sing","HATTON2_014.txt"
"hath","verb, 3rd sing","HATTON2_027.txt"
"hath","verb, 3rd sing","HATTON2_027.txt"
"hath","noun, singular or mass","HATTON2_028.txt"
"hath","verb, 3rd sing","HATTON2_030.txt"
"hath","verb, 3rd sing","HATTON2_043.txt"
"hath","verb, 3rd sing","HATTON2_048.txt"
"hath","verb, 3rd sing","HATTON2_048.txt"
"hath","verb, 3rd sing","HATTON2_048.txt"
"hath","verb, 3rd sing","HATTON2_052.txt"
"hath","preposition or subordinating conjunction","HATTON2_052.txt"
"hath","verb, 3rd sing","HATTON2_054.txt"
"hath","noun, singular or mass","HATTON2_054.txt"
"hath","verb, 3rd sing","HATTON2_054.txt"
"hath","verb, 3rd sing","HATTON2_054.txt"
"hath","verb, 3rd sing","HATTON2_054.txt"
"hath","noun, singular or mass","HATTON2_064.txt"
"hath","noun, singular or mass","HATTON2_067.txt"
"hath","noun, singular or mass","HATTON2_068.txt"
"hath","noun, singular or mass","HATTON2_068.txt"
"hath","noun, singular or mass","HATTON2_068.txt"
"hath","noun, singular or mass","HATTON2_070.txt"
"hath","verb, 3rd sing","HATTON2_070.txt"
"hath","verb, 3rd sing","HATTON2_074.txt"
"hath","verb, 3rd sing","HATTON2_074.txt"
"hath","verb, 3rd sing","HATTON2_078.txt"
"hath","verb, 3rd sing","HATTON_067.txt"
"hath","noun, singular or mass","HATTON_067.txt"
"hath","noun, singular or mass","HATTON_067.txt"
"hath","verb, 3rd sing","HATTON_067.txt"
"hath","verb, 3rd sing","HATTON_067.txt"
"hath","noun, singular or mass","HATTON_072.txt"
"hath","verb, 3rd sing","HATTON_072.txt"
"hath","noun, singular or mass","HATTON_072.txt"
"hath","verb, 3rd sing","HATTON_075.txt"
"hath","noun, singular or mass","HATTON_076.txt"
"hath","verb, 3rd sing","HATTON_076.txt"
"hath","noun, singular or mass","HENRY_003.txt"
"hath","verb, 3rd sing","HENRY_007.txt"
"hath","noun, singular or mass","HENRY_007.txt"
"hath","verb, 3rd sing","HENRY_007.txt"
"hath","verb, 3rd sing","HENRY_008.txt"
"hath","verb, 3rd sing","HENRY_008.txt"
"hath","verb, 3rd sing","HENRY_009.txt"
"hath","noun, singular or mass","HENRY_011.txt"
"hath","noun, singular or mass","HENRY_011.txt"
"hath","verb, 3rd sing","HENRY_011.txt"
"hath","verb, 3rd sing","HENRY_011.txt"
"hath","verb, non-3rd sing","HENRY_011.txt"
"hath","noun, singular or mass","HENRY_013.txt"
"hath","verb, 3rd sing","HENRY_013.txt"
"hath","noun, singular or mass","HENRY_013.txt"
"hath","verb, 3rd sing","HENRY_013.txt"
"hath","preposition or subordinating conjunction","HENRY_014.txt"
"hath","verb, 3rd sing","HENRY_014.txt"
"hath","verb, 3rd sing","HENRY_015.txt"
"hath","verb, 3rd sing","HENRY_016.txt"
"hath","noun, singular or mass","HENRY_016.txt"
"hath","verb, 3rd sing","HENRY_016.txt"
"hath","preposition or subordinating conjunction","HENRY_016.txt"
"hath","verb, 3rd sing","HENRY_017.txt"
"hath","verb, 3rd sing","HENRY_019.txt"
"hath","noun, singular or mass","HENRY_019.txt"
"hath","verb, 3rd sing","HENRY_022.txt"
"hath","noun, singular or mass","LIDDELL_003.txt"
"hath","verb, non-3rd sing","MARESCO_067.txt"
"hath","verb, 3rd sing","OXINDE_320.txt"
"hath","verb, 3rd sing","OXINDE_320.txt"
"hath","verb, 3rd sing","OXINDE_320.txt"
"hath","verb, 3rd sing","OXINDE_320.txt"
"hath","noun, singular or mass","PAUPER_009.txt"
"hath","noun, singular or mass","PEPYS2_001.txt"
"hath","verb, 3rd sing","PEPYS2_001.txt"
"hath","noun, singular or mass","PEPYS2_001.txt"
"hath","verb, 3rd sing","PEPYS2_001.txt"
"hath","noun, singular or mass","PEPYS2_001.txt"
"hath","noun, singular or mass","PEPYS2_003.txt"
"hath","verb, 3rd sing","PEPYS2_007.txt"
"hath","noun, singular or mass","PEPYS2_011.txt"
"hath","verb, 3rd sing","PEPYS2_014.txt"
"hath","noun, singular or mass","PEPYS2_014.txt"
"hath","preposition or subordinating conjunction","PEPYS2_016.txt"
"hath","noun, singular or mass","PEPYS2_018.txt"
"hath","verb, 3rd sing","PEPYS2_023.txt"
"hath","noun, singular or mass","PEPYS2_023.txt"
"hath","noun, singular or mass","PEPYS2_023.txt"
"hath","verb, non-3rd sing","PEPYS2_023.txt"
"hath","noun, singular or mass","PEPYS2_023.txt"
"hath","verb, 3rd sing","PEPYS3_039.txt"
"hath","preposition or subordinating conjunction","PEPYS_070.txt"
"hath","noun, singular or mass","PEPYS_071.txt"
"hath","noun, singular or mass","PEPYS_072.txt"
"hath","verb, 3rd sing","PEPYS_072.txt"
"hath","noun, singular or mass","PEPYS_075.txt"
"hath","noun, singular or mass","PEPYS_076.txt"
"hath","verb, 3rd sing","PEPYS_076.txt"
"hath","verb, 3rd sing","PEPYS_076.txt"
"hath","preposition or subordinating conjunction","PEPYS_077.txt"
"hath","verb, 3rd sing","PEPYS_078.txt"
"hath","noun, singular or mass","PETTY2_002.txt"
"hath","verb, 3rd sing","PETTY2_006.txt"
"hath","verb, 3rd sing","PETTY2_007.txt"
"hath","noun, singular or mass","PETTY2_010.txt"
"hath","preposition or subordinating conjunction","PETTY2_015.txt"
"hath","noun, singular or mass","PETTY2_017.txt"
"hath","verb, 3rd sing","PETTY2_018.txt"
"hath","noun, singular or mass","PETTY2_018.txt"
"hath","verb, non-3rd sing","PETTY2_027.txt"
"hath","verb, 3rd sing","PETTY2_032.txt"
"hath","noun, singular or mass","PETTY_045.txt"
"hath","verb, 3rd sing","PETTY_045.txt"
"hath","noun, singular or mass","PETTY_046.txt"
"hath","noun, singular or mass","PINNEY_002.txt"
"hath","noun, singular or mass","PINNEY_002.txt"
"hath","noun, singular or mass","PINNEY_002.txt"
"hath","verb, 3rd sing","PINNEY_002.txt"
"hath","verb, 3rd sing","PINNEY_002.txt"
"hath","verb, 3rd sing","PINNEY_002.txt"
"hath","noun, singular or mass","PINNEY_003.txt"
"hath","preposition or subordinating conjunction","PINNEY_003.txt"
"hath","noun, singular or mass","PINNEY_003.txt"
"hath","verb, 3rd sing","PINNEY_004.txt"
"hath","verb, 3rd sing","PINNEY_004.txt"
"hath","verb, 3rd sing","PINNEY_004.txt"
"hath","noun, singular or mass","PINNEY_005.txt"
"hath","noun, singular or mass","PINNEY_008.txt"
"hath","preposition or subordinating conjunction","PINNEY_010.txt"
"hath","verb, 3rd sing","PINNEY_012.txt"
"hath","noun, singular or mass","PINNEY_013.txt"
"hath","noun, singular or mass","PINNEY_013.txt"
"hath","verb, 3rd sing","PINNEY_014.txt"
"hath","verb, 3rd sing","PINNEY_014.txt"
"hath","noun, singular or mass","PINNEY_014.txt"
"hath","verb, non-3rd sing","PINNEY_014.txt"
"hath","noun, singular or mass","PINNEY_014.txt"
"hath","noun, singular or mass","PINNEY_014.txt"
"hath","verb, 3rd sing","PINNEY_015.txt"
"hath","verb, 3rd sing","PINNEY_016.txt"
"hath","noun, singular or mass","PINNEY_017.txt"
"hath","verb, 3rd sing","PINNEY_018.txt"
"hath","verb, 3rd sing","PINNEY_018.txt"
"hath","verb, 3rd sing","PINNEY_018.txt"
"hath","noun, singular or mass","PINNEY_019.txt"
"hath","verb, 3rd sing","PINNEY_019.txt"
"hath","verb, non-3rd sing","PINNEY_019.txt"
"hath","noun, singular or mass","PINNEY_019.txt"
"hath","preposition or subordinating conjunction","PINNEY_021.txt"
"hath","noun, singular or mass","PINNEY_024.txt"
"hath","verb, 3rd sing","PINNEY_024.txt"
"hath","preposition or subordinating conjunction","PINNEY_024.txt"
"hath","verb, 3rd sing","PINNEY_024.txt"
"hath","noun, singular or mass","PINNEY_024.txt"
"hath","verb, 3rd sing","PINNEY_025.txt"
"hath","noun, singular or mass","PINNEY_025.txt"
"hath","noun, singular or mass","PINNEY_025.txt"
"hath","verb, 3rd sing","PINNEY_025.txt"
"hath","noun, singular or mass","PINNEY_025.txt"
"hath","verb, 3rd sing","PINNEY_025.txt"
"hath","verb, 3rd sing","PINNEY_025.txt"
"hath","noun, singular or mass","PINNEY_025.txt"
"hath","noun, singular or mass","PINNEY_025.txt"
"hath","verb, 3rd sing","PINNEY_025.txt"
"hath","noun, singular or mass","PINNEY_026.txt"
"hath","verb, non-3rd sing","PINNEY_026.txt"
"hath","verb, non-3rd sing","PINNEY_026.txt"
"hath","noun, singular or mass","PINNEY_027.txt"
"hath","preposition or subordinating conjunction","PINNEY_029.txt"
"hath","verb, 3rd sing","PINNEY_029.txt"
"hath","noun, singular or mass","PINNEY_029.txt"
"hath","verb, 3rd sing","PINNEY_030.txt"
"hath","noun, singular or mass","PINNEY_030.txt"
"hath","verb, 3rd sing","PINNEY_031.txt"
"hath","noun, singular or mass","PINNEY_033.txt"
"hath","noun, singular or mass","PINNEY_033.txt"
"hath","verb, 3rd sing","PINNEY_034.txt"
"hath","verb, non-3rd sing","PINNEY_035.txt"
"hath","verb, 3rd sing","PINNEY_035.txt"
"hath","noun, singular or mass","PINNEY_036.txt"
"hath","verb, non-3rd sing","PINNEY_036.txt"
"hath","verb, 3rd sing","PINNEY_036.txt"
"hath","verb, 3rd sing","PINNEY_036.txt"
"hath","noun, singular or mass","PINNEY_037.txt"
"hath","verb, 3rd sing","PINNEY_037.txt"
"hath","noun, singular or mass","PINNEY_038.txt"
"hath","noun, singular or mass","PINNEY_039.txt"
"hath","noun, singular or mass","PINNEY_039.txt"
"hath","verb, 3rd sing","PINNEY_039.txt"
"hath","verb, 3rd sing","PINNEY_039.txt"
"hath","noun, singular or mass","PINNEY_040.txt"
"hath","verb, 3rd sing","PINNEY_041.txt"
"hath","verb, 3rd sing","PINNEY_042.txt"
"hath","verb, 3rd sing","PINNEY_042.txt"
"hath","verb, 3rd sing","PINNEY_043.txt"
"hath","verb, 3rd sing","PINNEY_043.txt"
"hath","verb, 3rd sing","PINNEY_043.txt"
"hath","noun, singular or mass","PINNEY_043.txt"
"hath","noun, singular or mass","PINNEY_045.txt"
"hath","verb, 3rd sing","PINNEY_045.txt"
"hath","noun, singular or mass","PINNEY_046.txt"
"hath","verb, 3rd sing","PINNEY_047.txt"
"hath","noun, singular or mass","PINNEY_047.txt"
"hath","verb, 3rd sing","PINNEY_047.txt"
"hath","verb, 3rd sing","PINNEY_048.txt"
"hath","verb, 3rd sing","PINNEY_050.txt"
"hath","noun, singular or mass","PINNEY_051.txt"
"hath","noun, singular or mass","PINNEY_052.txt"
"hath","verb, base form","PINNEY_052.txt"
"hath","verb, 3rd sing","PINNEY_053.txt"
"hath","noun, singular or mass","PINNEY_053.txt"
"hath","verb, 3rd sing","PINNEY_053.txt"
"hath","verb, 3rd sing","PINNEY_053.txt"
"hath","noun, singular or mass","PINNEY_054.txt"
"hath","verb, 3rd sing","PINNEY_054.txt"
"hath","noun, singular or mass","PINNEY_054.txt"
"hath","noun, singular or mass","PRIDEA2_002.txt"
"hath","preposition or subordinating conjunction","PRIDEA2_003.txt"
"hath","verb, 3rd sing","PRIDEA2_004.txt"
"hath","verb, 3rd sing","PRIDEA2_004.txt"
"hath","noun, singular or mass","PRIDEA2_006.txt"
"hath","verb, 3rd sing","PRIDEA2_006.txt"
"hath","noun, singular or mass","PRIDEA2_006.txt"
"hath","noun, singular or mass","PRIDEA2_007.txt"
"hath","verb, 3rd sing","PRIDEA2_007.txt"
"hath","noun, singular or mass","PRIDEA2_007.txt"
"hath","noun, singular or mass","PRIDEA2_007.txt"
"hath","noun, singular or mass","PRIDEA2_007.txt"
"hath","verb, 3rd sing","PRIDEA2_007.txt"
"hath","noun, singular or mass","PRIDEA2_007.txt"
"hath","noun, singular or mass","PRIDEA2_008.txt"
"hath","noun, singular or mass","PRIDEA2_008.txt"
"hath","noun, singular or mass","PRIDEA2_008.txt"
"hath","verb, 3rd sing","PRIDEA2_009.txt"
"hath","verb, 3rd sing","PRIDEA2_010.txt"
"hath","noun, singular or mass","PRIDEA2_010.txt"
"hath","verb, 3rd sing","PRIDEA2_010.txt"
"hath","verb, 3rd sing","PRIDEA2_010.txt"
"hath","verb, 3rd sing","PRIDEA2_011.txt"
"hath","preposition or subordinating conjunction","PRIDEA2_012.txt"
"hath","noun, singular or mass","PRIDEA2_013.txt"
"hath","verb, 3rd sing","PRIDEA2_014.txt"
"hath","verb, 3rd sing","PRIDEA2_014.txt"
"hath","noun, singular or mass","PRIDEA2_014.txt"
"hath","noun, singular or mass","PRIDEA2_014.txt"
"hath","noun, singular or mass","PRIDEA2_014.txt"
"hath","noun, singular or mass","PRIDEA2_014.txt"
"hath","noun, singular or mass","PRIDEA2_015.txt"
"hath","verb, 3rd sing","PRIDEA2_016.txt"
"hath","verb, 3rd sing","PRIDEA2_016.txt"
"hath","noun, singular or mass","PRIDEA2_016.txt"
"hath","verb, 3rd sing","PRIDEA2_016.txt"
"hath","verb, 3rd sing","PRIDEA2_016.txt"
"hath","verb, 3rd sing","PRIDEA2_016.txt"
"hath","noun, singular or mass","PRIDEA2_017.txt"
"hath","noun, singular or mass","PRIDEA2_017.txt"
"hath","verb, 3rd sing","PRIDEA2_019.txt"
"hath","verb, 3rd sing","PRIDEA2_019.txt"
"hath","verb, 3rd sing","PRIDEA2_020.txt"
"hath","noun, singular or mass","PRIDEA2_020.txt"
"hath","noun, singular or mass","PRIDEA2_020.txt"
"hath","verb, non-3rd sing","PRIDEA2_021.txt"
"hath","verb, 3rd sing","PRIDEA2_021.txt"
"hath","noun, singular or mass","PRIDEA2_021.txt"
"hath","verb, 3rd sing","PRIDEA2_021.txt"
"hath","noun, singular or mass","PRIDEA2_021.txt"
"hath","noun, singular or mass","PRIDEA2_022.txt"
"hath","noun, singular or mass","PRIDEA2_022.txt"
"hath","noun, singular or mass","PRIDEA2_022.txt"
"hath","verb, 3rd sing","PRIDEA2_023.txt"
"hath","preposition or subordinating conjunction","PRIDEA2_025.txt"
"hath","noun, singular or mass","PRIDEA2_025.txt"
"hath","verb, 3rd sing","PRIDEA2_026.txt"
"hath","verb, 3rd sing","PRIDEA2_026.txt"
"hath","noun, singular or mass","PRIDEA2_026.txt"
"hath","verb, non-3rd sing","PRIDEA2_026.txt"
"hath","noun, singular or mass","PRIDEA2_026.txt"
"hath","noun, singular or mass","PRIDEA2_027.txt"
"hath","noun, singular or mass","PRIDEA2_027.txt"
"hath","noun, singular or mass","PRIDEA2_027.txt"
"hath","noun, singular or mass","PRIDEA2_028.txt"
"hath","verb, 3rd sing","PRIDEA2_029.txt"
"hath","verb, 3rd sing","PRIDEA2_032.txt"
"hath","verb, 3rd sing","PRIDEA2_032.txt"
"hath","verb, 3rd sing","PRIDEA2_032.txt"
"hath","verb, 3rd sing","PRIDEA2_032.txt"
"hath","verb, 3rd sing","PRIDEA2_032.txt"
"hath","verb, 3rd sing","PRIDEA2_032.txt"
"hath","verb, 3rd sing","PRIDEA2_032.txt"
"hath","verb, 3rd sing","PRIDEA2_032.txt"
"hath","verb, 3rd sing","PRIDEA2_033.txt"
"hath","preposition or subordinating conjunction","PRIDEA2_033.txt"
"hath","verb, 3rd sing","PRIDEA2_033.txt"
"hath","noun, singular or mass","PRIDEA2_033.txt"
"hath","noun, singular or mass","PRIDEA2_033.txt"
"hath","verb, 3rd sing","PRIDEA2_033.txt"
"hath","noun, singular or mass","PRIDEA2_033.txt"
"hath","verb, 3rd sing","PRIDEA2_034.txt"
"hath","noun, singular or mass","PRIDEA2_034.txt"
"hath","noun, singular or mass","PRIDEA2_035.txt"
"hath","noun, singular or mass","PRIDEAU_010.txt"
"hath","noun, singular or mass","PRIDEAU_010.txt"
"hath","noun, singular or mass","PRIDEAU_010.txt"
"hath","verb, 3rd sing","PRIDEAU_010.txt"
"hath","noun, singular or mass","PUREFOY_072.txt"
"hath","noun, singular or mass","SANCHO_017.txt"
"hath","noun, singular or mass","SECKER_005.txt"
"hath","verb, 3rd sing","SECKER_005.txt"
"hath","preposition or subordinating conjunction","SECKER_005.txt"
"hath","noun, singular or mass","SECKER_005.txt"
"hath","verb, 3rd sing","SECKER_015.txt"
"hath","preposition or subordinating conjunction","SECKER_020.txt"
"hath","verb, 3rd sing","SECKER_020.txt"
"hath","verb, 3rd sing","SECKER_020.txt"
"hath","noun, singular or mass","SECKER_021.txt"
"hath","noun, singular or mass","SECKER_021.txt"
"hath","verb, 3rd sing","SECKER_021.txt"
"hath","preposition or subordinating conjunction","SECKER_030.txt"
"hath","verb, 3rd sing","SECKER_030.txt"
"hath","preposition or subordinating conjunction","SECKER_030.txt"
"hath","preposition or subordinating conjunction","SECKER_030.txt"
"hath","verb, 3rd sing","SECKER_031.txt"
"hath","verb, 3rd sing","SECKER_033.txt"
"hath","preposition or subordinating conjunction","SECKER_033.txt"
"hath","noun, singular or mass","SECKER_033.txt"
"hath","verb, 3rd sing","SECKER_033.txt"
"hath","verb, 3rd sing","SECKER_036.txt"
"hath","verb, 3rd sing","SECKER_036.txt"
"hath","verb, 3rd sing","SECKER_036.txt"
"hath","verb, 3rd sing","SECKER_036.txt"
"hath","verb, 3rd sing","SECKER_036.txt"
"hath","verb, 3rd sing","SECKER_036.txt"
"hath","noun, singular or mass","SECKER_036.txt"
"hath","verb, 3rd sing","SECKER_037.txt"
"hath","preposition or subordinating conjunction","SECKER_037.txt"
"hath","noun, singular or mass","SECKER_037.txt"
"hath","noun, singular or mass","SECKER_037.txt"
"hath","verb, 3rd sing","SECKER_037.txt"
"hath","noun, singular or mass","SECKER_037.txt"
"hath","verb, 3rd sing","SECKER_037.txt"
"hath","verb, 3rd sing","SECKER_039.txt"
"hath","verb, 3rd sing","SECKER_039.txt"
"hath","noun, singular or mass","SECKER_039.txt"
"hath","noun, singular or mass","SECKER_039.txt"
"hath","verb, non-3rd sing","SECKER_039.txt"
"hath","noun, singular or mass","SECKER_041.txt"
"hath","noun, singular or mass","SECKER_043.txt"
"hath","verb, 3rd sing","SECKER_043.txt"
"hath","noun, singular or mass","SECKER_043.txt"
"hath","verb, 3rd sing","SECKER_043.txt"
"hath","noun, singular or mass","SECKER_044.txt"
"hath","noun, singular or mass","SECKER_046.txt"
"hath","verb, 3rd sing","SECKER_047.txt"
"hath","verb, 3rd sing","SECKER_047.txt"
"hath","noun, singular or mass","SECKER_050.txt"
"hath","noun, singular or mass","SECKER_050.txt"
"hath","verb, 3rd sing","SECKER_050.txt"
"hath","verb, 3rd sing","SECKER_054.txt"
"hath","noun, singular or mass","SECKER_056.txt"
"hath","noun, singular or mass","SECKER_056.txt"
"hath","noun, singular or mass","SECKER_056.txt"
"hath","preposition or subordinating conjunction","SECKER_056.txt"
"hath","noun, singular or mass","SECKER_058.txt"
"hath","verb, 3rd sing","SECKER_061.txt"
"hath","noun, singular or mass","SECKER_061.txt"
"hath","noun, singular or mass","SECKER_061.txt"
"hath","verb, 3rd sing","SECKER_062.txt"
"hath","noun, singular or mass","SECKER_064.txt"
"hath","verb, 3rd sing","SECKER_066.txt"
"hath","verb, 3rd sing","SECKER_068.txt"
"hath","noun, singular or mass","SECKER_068.txt"
"hath","noun, singular or mass","SECKER_068.txt"
"hath","noun, singular or mass","SECKER_070.txt"
"hath","noun, singular or mass","SECKER_074.txt"
"hath","verb, 3rd sing","SWIFT_011.txt"
"hath","verb, 3rd sing","SWIFT_011.txt"
"hath","noun, singular or mass","SWIFT_011.txt"
"hath","verb, 3rd sing","SWIFT_042.txt"
"hath","verb, 3rd sing","SWIFT_042.txt"
"hath","verb, 3rd sing","SWIFT_045.txt"
"hath","verb, 3rd sing","SWIFT_045.txt"
"hath","verb, 3rd sing","SWIFT_045.txt"
"hath","verb, 3rd sing","SWIFT_049.txt"
"hath","verb, 3rd sing","SWIFT_049.txt"
"hath","noun, singular or mass","SWIFT_049.txt"
"hath","verb, 3rd sing","SWIFT_051.txt"
"hath","verb, 3rd sing","SWIFT_051.txt"
"hath","noun, singular or mass","SWIFT_060.txt"
"hath","noun, singular or mass","SWIFT_076.txt"
"hath","noun, singular or mass","SWIFT_076.txt"
"hath","verb, 3rd sing","TWINING_030.txt"
"hath","verb, 3rd sing","WANLEY_027.txt"
"hath","verb, 3rd sing","WANLEY_028.txt"
"hath","noun, singular or mass","WANLEY_030.txt"
"hath","noun, singular or mass","WANLEY_030.txt"
"hath","noun, singular or mass","WANLEY_030.txt"
"hath","verb, 3rd sing","WANLEY_031.txt"
"hath","noun, singular or mass","WANLEY_031.txt"
"hath","verb, 3rd sing","WANLEY_032.txt"
"hath","noun, singular or mass","WANLEY_032.txt"
"hath","verb, 3rd sing","WANLEY_032.txt"
"hath","verb, 3rd sing","WANLEY_033.txt"
"hath","verb, non-3rd sing","WANLEY_033.txt"
"hath","verb, 3rd sing","WANLEY_033.txt"
"hath","verb, 3rd sing","WANLEY_033.txt"
"hath","noun, singular or mass","WANLEY_033.txt"
"hath","verb, 3rd sing","WANLEY_033.txt"
"hath","verb, 3rd sing","WANLEY_033.txt"
"hath","noun, singular or mass","WANLEY_033.txt"
"hath","noun, singular or mass","WANLEY_033.txt"
"hath","proper noun, singular","WANLEY_034.txt"
"hath","proper noun, singular","WANLEY_034.txt"
"hath","verb, 3rd sing","WANLEY_034.txt"
"hath","verb, 3rd sing","WANLEY_034.txt"
"hath","verb, 3rd sing","WANLEY_034.txt"
"hath","verb, 3rd sing","WANLEY_034.txt"
"hath","verb, non-3rd sing","WANLEY_034.txt"
"hath","verb, 3rd sing","WANLEY_034.txt"
"hath","noun, singular or mass","WANLEY_035.txt"
"hath","verb, 3rd sing","WANLEY_036.txt"
"hath","noun, singular or mass","WANLEY_036.txt"
"hath","verb, 3rd sing","WANLEY_037.txt"
"hath","noun, singular or mass","WANLEY_038.txt"
"hath","verb, 3rd sing","WANLEY_039.txt"
"hath","verb, 3rd sing","WANLEY_039.txt"
"hath","noun, singular or mass","WANLEY_043.txt"
"hath","verb, 3rd sing","WANLEY_043.txt"
"hath","noun, singular or mass","WARTON_022.txt"
"hath","verb, 3rd sing","WEDGWOO_002.txt"
"hath","noun, singular or mass","WEDGWOO_004.txt"
"hath","noun, singular or mass","WEDGWOO_004.txt"
"hath","verb, 3rd sing","WEDGWOO_004.txt"
"hath","noun, singular or mass","WEDGWOO_005.txt"
"hath","noun, singular or mass","WEDGWOO_007.txt"
"hath","verb, 3rd sing","WEDGWOO_007.txt"
"hath","noun, singular or mass","WEDGWOO_007.txt"
"hath","verb, 3rd sing","WEDGWOO_007.txt"
"hath","noun, singular or mass","WEDGWOO_010.txt"
"hath","verb, 3rd sing","WEDGWOO_011.txt"
"hath","noun, singular or mass","WEDGWOO_012.txt"
"hath","verb, 3rd sing","WEDGWOO_016.txt"
"hath","verb, 3rd sing","WENTWO2_056.txt"
"hath","noun, singular or mass","WENTWO2_056.txt"
"hath","verb, 3rd sing","WENTWO2_056.txt"
"hath","verb, 3rd sing","WENTWO2_066.txt"
"hath","verb, 3rd sing","WENTWO2_072.txt"
"hath","verb, 3rd sing","WENTWO2_072.txt"
"hath","verb, 3rd sing","WENTWO2_072.txt"
"hath","noun, singular or mass","WENTWO2_078.txt"
"hath","verb, 3rd sing","WENTWO2_078.txt"
"hath","noun, singular or mass","WENTWO2_083.txt"
"hath","verb, 3rd sing","WENTWO2_083.txt"
"hath","verb, 3rd sing","WENTWO2_087.txt"
"hath","preposition or subordinating conjunction","WENTWO2_087.txt"
"hath","noun, singular or mass","WENTWO2_087.txt"
"hath","noun, singular or mass","WENTWO2_092.txt"
"hath","verb, 3rd sing","WENTWO2_094.txt"
"hath","verb, 3rd sing","WENTWO2_094.txt"
"hath","verb, 3rd sing","WENTWO2_094.txt"
"hath","noun, singular or mass","WENTWO2_094.txt"
"hath","noun, singular or mass","WENTWO2_095.txt"
"hath","noun, singular or mass","WENTWO2_095.txt"
"hath","noun, singular or mass","WENTWO2_097.txt"
"hath","noun, singular or mass","WENTWO2_097.txt"
"hath","verb, 3rd sing","WENTWO2_097.txt"
"hath","verb, 3rd sing","WENTWO2_097.txt"
"hath","verb, 3rd sing","WENTWO2_097.txt"
"hath","verb, non-3rd sing","WENTWO2_097.txt"
"hath","verb, 3rd sing","WENTWO2_107.txt"
"hath","noun, singular or mass","WENTWO2_107.txt"
